<?xml version="1.0" encoding="UTF-8"?>
<configuration status="INFO">
    <appenders>
        <Console name="ConsoleAppender" target="SYSTEM_OUT">
            <PatternLayout pattern="%d [%t] %-5level %logger{36} - %msg%n%throwable"/>
        </Console>
        <File name="FileAppender" fileName="logs.log" immediateFlush="false" append="false">
            <PatternLayout pattern="%d{yyy-MM-dd HH:mm:ss.SSS} [%t] %-5level %logger{36} - %msg%n"/>
        </File>
        <ReportPortalLog4j2Appender name="ReportPortalAppender">
            <PatternLayout pattern="[%d{HH:mm:ss}] %-5p (%F:%L) - %m%n"/>
        </ReportPortalLog4j2Appender>
    </appenders>
    <loggers>
        <root level="DEBUG">
            <appender-ref ref="ConsoleAppender"/>
            <appender-ref ref="FileAppender"/>
            <appender-ref ref="ReportPortalAppender"/>
        </root>
    </loggers>
</configuration>