<?xml version = "1.0" encoding = "UTF-8"?>
<!DOCTYPE suite SYSTEM "http://testng.org/testng-1.0.dtd" >
<suite name="Login and Quiz suite">
    <listeners>
        <listener class-name="com.epam.reportportal.testng.ReportPortalTestNGListener"/>
    </listeners>
    <test name="Login test" >
        <classes>
            <class name="test.LoginTest"/>
        </classes>
    </test>
    <test name="Quiz test">
        <classes>
           <class name="test.QuizTest">
           </class>
       </classes>
    </test>
</suite>
